{
  "interactionModel": {
    "languageModel": {
      "invocationName": "creature data",
      "intents": [
        {
          "name": "AMAZON.CancelIntent",
          "samples": []
        },
        {
          "name": "AMAZON.HelpIntent",
          "samples": []
        },
        {
          "name": "AMAZON.StopIntent",
          "samples": []
        },
        {
          "name": "HelloWorldIntent",
          "slots": [],
          "samples": [
            "hello",
            "how are you",
            "say hi world",
            "say hi",
            "hi",
            "say hello world",
            "say hello"
          ]
        },
        {
          "name": "AMAZON.NavigateHomeIntent",
          "samples": []
        },
        {
          "name": "AMAZON.FallbackIntent",
          "samples": []
        },
        {
          "name": "NameCreatureIntent",
          "slots": [
            {
              "name": "CreatureName",
              "type": "AMAZON.FirstName",
              "samples": [
                "{CreatureName}"
              ],
              "multipleValues": {
                "enabled": true
              }
            }
          ],
          "samples": [
            "new",
            "make new",
            "make creature",
            "create creature",
            "Make a new creature"
          ]
        }
      ],
      "types": []
    },
    "dialog": {
      "intents": [
        {
          "name": "NameCreatureIntent",
          "confirmationRequired": false,
          "prompts": {},
          "slots": [
            {
              "name": "CreatureName",
              "type": "AMAZON.FirstName",
              "elicitationRequired": true,
              "confirmationRequired": false,
              "prompts": {
                "elicitation": "Elicit.Slot.684288689358.1152625995792"
              }
            }
          ]
        }
      ],
      "delegationStrategy": "ALWAYS"
    },
    "prompts": [
      {
        "id": "Elicit.Slot.684288689358.1152625995792",
        "variations": [
          {
            "type": "PlainText",
            "value": "What is the creatures name?"
          }
        ]
      }
    ]
  },
  "version": "5"
}